timestamp,acc_x,acc_y,acc_z,gyro_x,gyro_y,gyro_z
0.0,-0.008269919668348094,0.9930322206348732,-0.015426464488749543,-7.691638214912669,-4.521369059831674,-1.3292548705643212
0.019267822736030827,-0.010009627660746308,0.9504338023520349,-0.009426162197461991,15.130326064527399,-0.3365724712728244,8.066400119949137
0.038535645472061654,0.024653256985940623,0.9752499532834867,0.02675361906372172,-4.657015794266127,-13.068726554517255,2.8969319034063012
0.057803468208092484,0.00035060711899487923,1.096869301894316,0.008880484143169845,4.30288397321017,-2.150419680027094,-1.853061138242087
0.07707129094412331,0.0345295563972679,0.915900867870167,-0.015738203418817213,-4.466852868098578,-2.4715537313008524,-1.440338503085
0.09633911368015413,0.09905503540755181,0.9986876386039348,-0.024442501985852273,1.807530063607462,1.2690674148419803,-5.49163815810647
0.11560693641618497,-0.00438350111748332,0.9387844484528023,0.04625397949088221,3.9137679917472474,1.2912318181892668,-1.5223603700893413
0.13487475915221578,0.09951166507408701,1.006101574185899,0.004251918447995699,-7.757849644125708,5.052138393324523,-4.754566965036066
0.15414258188824662,0.10228495098418162,0.9469611780463683,-0.004419155059029699,13.689113788229193,4.03121431065421,5.745668625189692
0.17341040462427745,0.1831131961870684,1.0623545479982803,0.023355164720365706,13.19555533908681,0.5452969973306434,1.773986537047609
0.19267822736030826,0.08882275939789165,1.072838005082045,0.003219609391313021,-3.577433076092416,4.400549639447514,-9.987929863100756
0.2119460500963391,0.13655330163624102,1.0398476711074778,0.040168030285766466,-0.28113170241896923,-3.2546351373616704,2.26400147943886
0.23121387283236994,0.1563960703399544,1.0764930536323818,0.01840701051121114,-9.463922766433097,-2.1155583438584302,6.303751762949156
0.2504816955684008,0.13929031304923983,0.9870969158661951,0.018879193777679375,5.937603365489018,2.577165829519518,-2.86621026695921
0.26974951830443156,0.049221242337317894,1.0230226455191642,0.015396538925290247,-1.8118129512943337,-5.8731306401497205,-6.361130534451367
0.2890173410404624,0.19447927033977241,1.034458615402002,-0.004173329735624352,-6.909015618733564,2.00620360136583,2.807124834312722
0.30828516377649323,0.07787828228914585,0.9587642758183739,0.008213728188228832,-0.6310173453657326,-4.409354310105286,2.290088601679156
0.32755298651252407,0.13811706211302704,1.0009233485514575,-0.008930667488806448,-3.9678940830590586,12.424323943867384,6.8108226704846055
0.3468208092485549,0.20994187802511272,1.0428699016770946,-0.00949969768214779,-1.3610449718542261,6.683473457982916,-1.9830710571472538
0.3660886319845857,0.16490443879859046,0.9610102824511643,0.0011721577165001492,-6.422231812034017,0.6681407186056612,-2.9443539638049856
0.3853564547206165,0.20865268638702364,0.8969692319741202,-0.054389105610755564,-3.1646190667320346,-1.1255673769635242,1.4662850779288168
0.40462427745664736,0.15731135836147497,0.9391064024710908,0.02248862903672336,-2.3679255616125277,-0.03443207897103239,-0.13519662143783853
0.4238921001926782,0.1846737572352261,1.0382267342851152,-0.023425985614896425,-4.28064869997306,-5.242621931250943,2.9268950892585552
0.44315992292870904,0.24841492248087244,0.9374755111754685,0.03075227664807523,-3.324572863820008,-2.419032210120154,11.021406267535669
0.4624277456647399,0.19008373179779753,1.052534437903729,-0.019495293965107244,4.824471151659127,5.718898310856799,0.6277398253147214
0.48169556840077066,0.2599136932648368,0.9770571228607209,-0.030557530011040068,-0.1189902996511481,-4.263419519282134,0.08590616406130284
0.5009633911368016,0.2281516993367953,0.9990585468210234,-0.004183525400312117,-0.4030129692243589,-3.6186765594565173,2.832959089080366
0.5202312138728323,0.2757109405250623,0.8707873495420925,0.0033846631602758954,-7.56881960488796,-6.65768152243714,-2.487076845801393
0.5394990366088631,0.25362360140985507,0.9583453181961811,0.0014367518647926826,1.8961290261894148,-10.748701607275272,-4.872592575850102
0.558766859344894,0.28286921639357004,0.938970203717819,0.007169275893306664,-4.253889831834968,-0.8157829564852523,6.390595458980338
0.5780346820809248,0.2708502586460888,0.9425391923353724,-0.013756160927019295,-2.999153136747496,1.7708768404146256,6.502387318836028
0.5973025048169557,0.2734119195255358,1.0429410134369883,-0.031078642265106114,0.5981805655140984,3.6638105141841555,2.655704001599875
0.6165703275529865,0.284861538418436,0.9415684077428341,-0.04256000743260291,-3.5914199390619386,8.874865873827769,6.480282266510466
0.6358381502890172,0.2729583470310064,0.9204108527424925,-0.02285254417447603,-1.5719827954494718,-2.7653096934001202,-1.8170139736335866
0.6551059730250481,0.3532584799759467,1.0342933391193683,-6.277952832726101e-05,-3.7299402945669735,-0.08524064255859953,-4.670820226783465
0.6743737957610789,0.3588158458921146,0.9386154014436687,-0.028879652163663783,3.652173047804916,2.94720605282565,2.453013548557189
0.6936416184971098,0.36250107959452055,0.9218801836620524,0.04019152439897976,-1.357768800039238,-3.3882752958031555,-3.2619313866698008
0.7129094412331406,0.4130404914791,0.8537314122457993,0.009903643009786559,-2.8179956108779396,-1.0818114536063907,0.4103868586499577
0.7321772639691714,0.393885434727436,0.9509817973910156,0.04475549913285369,-5.617348750833546,-15.49054074950213,3.4021541998649
0.7514450867052023,0.36719549896106135,0.9465000435477937,0.0020926720304444745,-12.826172689261671,-2.3100760525851016,2.130324146736299
0.770712909441233,0.42431932180045356,0.9753684117519735,-0.0025196766528768548,11.65211527985189,2.1036328958592767,-4.990892994687167
0.789980732177264,0.3757585322206188,0.9195234181294553,-0.012109762320062827,-0.8773002726956807,8.055128145449066,-2.6319426196240454
0.8092485549132947,0.3775470196311147,0.940703202448361,0.005462104209652262,-5.505935674414957,0.7817500037544971,-3.6260936766452123
0.8285163776493255,0.3350036731283041,0.8470091853290295,-0.006632081401425766,-5.373682163233196,-5.324622872158794,-5.855063706364141
0.8477842003853564,0.5046626796855641,0.9281724600622485,0.02998323023198006,-3.6228396152748847,-1.9026769549716613,-0.944025871430345
0.8670520231213872,0.4300926028649416,0.920430932501735,-0.005556470289870018,3.6393631294253153,-2.102640926316612,4.360968991274307
0.8863198458574181,0.5184278375568642,0.8235983139047114,-0.02489856571380573,-4.815999797026242,-4.191826630275197,-1.0414722582371718
0.9055876685934489,0.5445114592607736,0.9247617228345757,0.05892428916485327,-4.925744769674544,0.2906889859857804,-0.48845623650079667
0.9248554913294798,0.43507768909353495,0.8756112005397104,-0.03322263950471326,-4.980534242646697,-2.4578661336733267,-1.3993225942374106
0.9441233140655105,0.6313591009091809,0.978340633141259,-0.01915713305310104,-6.75092042612404,-2.541842733385529,5.158724879473054
0.9633911368015413,0.5369424650153678,0.9296652159487833,0.022650265458656588,3.0126435421693247,-5.526087677513237,-3.339373031827236
0.9826589595375722,0.48336781498714043,0.9234904096179974,0.02303165275535016,15.229272548585254,4.393580172565883,0.23700877657660074
1.001926782273603,0.45161423932444206,0.8904583734281784,0.020956329491790434,1.613867183553237,8.269239165607196,0.4891936666522115
1.0211946050096339,0.4940815096108698,0.8631446063194277,-0.017178239606948472,6.596736656464653,-2.202387153844574,-4.71432989777476
1.0404624277456647,0.3991132066413791,0.85534656437296,-0.018483633208675163,0.5160785747231886,-2.0660999324857507,2.79742157349262
1.0597302504816954,0.5573728434489692,0.8810210808220493,-0.02205058843358129,-4.697228241497862,-0.27679193107632905,-2.671142165086022
1.0789980732177262,0.5692323167253079,0.8112552105541192,0.007519727502613292,10.10108470931193,5.041476607053735,2.677905888769627
1.0982658959537572,0.4609979159629877,0.749525401663064,-0.010838465598469385,-4.308214971509666,8.49544277875705,-5.692533562364322
1.117533718689788,0.5612646516549648,0.9288877475293817,0.01024039273971893,-2.155727308153472,2.345214472725912,-2.2983926463945856
1.1368015414258188,0.589247599798022,0.8641242117644908,-0.0009750243118522437,-4.109792053659226,0.22415890552816314,3.565600522229457
1.1560693641618496,0.5884754229923912,0.768703801636591,-0.0272477784815459,-0.7952641140171084,0.9319153216762609,-7.409520579676626
1.1753371868978804,0.605730335456682,0.847506781955403,0.013708064267858025,-1.3512875661211752,-1.909162660948126,-1.0480728503348962
1.1946050096339114,0.5977662165070761,0.8332242431681948,-0.019246876870569606,0.7283657175587794,4.089562007502928,-5.439134272093799
1.2138728323699421,0.5776473535492598,0.8937524932253652,-0.014391900655030215,-7.579332086537425,-0.7385274365746224,-3.761670157936176
1.233140655105973,0.5105501240473463,0.8274093985707054,0.0006888592255225757,1.9742708252772765,1.414699271661428,4.265550200954348
1.2524084778420037,0.6647302117619689,0.8100221756467362,0.014956845443697573,-5.895230350973577,-0.46879190302279805,-5.667937280919521
1.2716763005780345,0.5750560707557879,0.8683120437335669,-0.030652993810586567,4.518508282165464,2.3977948117687253,1.9455961707569
1.2909441233140655,0.7190327023234534,0.7746265814905982,-0.01224614219160183,1.055563167098099,1.9634445529900615,7.438183390994694
1.3102119460500963,0.5546596133204563,0.7700596239419489,-0.016749350435256244,2.9849711191470196,3.596935666231488,-1.806415169454846
1.329479768786127,0.599511741295885,0.7727220170933786,-0.03812717688182245,5.933769421545117,6.978570201461638,-4.766939284632044
1.3487475915221578,0.5932181156434015,0.8321581499455244,-0.013849770767536464,-0.14110730302367366,-1.6016184846546637,-4.106435405304109
1.3680154142581886,0.6774040427829867,0.8102821683608014,0.005239949652661985,-2.8087574555428936,-1.093560291801997,-2.7618834374150794
1.3872832369942196,0.6540704647269862,0.7485462529321651,0.00977567955193987,-1.6205871312201958,2.2008984990223994,5.746509438011173
1.4065510597302504,0.7292156887037085,0.7105484896394647,0.0254011857162146,-2.334320635916284,-3.616578121411269,3.766672883526916
1.4258188824662812,0.6658317602240543,0.6768360176332389,-0.014593624675446374,-0.42730323399822234,0.6185108266977988,6.1405620153151474
1.445086705202312,0.6475164272738392,0.7691993974912993,-0.0016956072527870942,8.70714772721967,-0.8568266621064573,10.852844070966604
1.4643545279383428,0.6708686301197254,0.7685774412949978,-0.0025832076226158063,-4.415053984829329,-2.742801472005833,-6.116384080716227
1.4836223506743738,0.6653175378796542,0.7776447715103194,-0.0072017356809242926,-8.642162621232782,-1.0774146781306162,-4.933850813664952
1.5028901734104045,0.6689263565688859,0.7588551695789402,-0.006718177843961861,10.802246795809305,-1.3385452605518235,4.104551735385077
1.5221579961464353,0.714852685750541,0.7426229938689062,-0.007033570549930888,-6.8230290661821105,3.148325632708649,-0.4043009814128403
1.541425818882466,0.730977848161595,0.6738527503804518,-0.05117859222968584,6.961463430782587,-1.5445778568705082,-4.389659009888584
1.5606936416184969,0.705211811545447,0.8327356654243985,0.002162856943052029,2.828678482063995,-2.264733298368689,-2.887178594502519
1.579961464354528,0.8082145552464585,0.7318548144215932,-0.008426958486507938,-6.545947175261061,-4.078328387300311,-1.6826259959492649
1.5992292870905587,0.6660613845555454,0.6018317534481905,0.0011793367092145543,2.5460487320309744,8.72577891271576,-0.11822886061480949
1.6184971098265895,0.7707189631200068,0.7089669682757819,-0.006109071886937619,-2.7904449381526213,0.3316973310506759,-5.382533463689744
1.6377649325626202,0.811219375969702,0.6532656049208428,-0.029595380580805585,0.004011920080281063,7.396161125291858,7.893744753106306
1.657032755298651,0.710305634001376,0.7620174862967565,0.0018916452226077876,1.5549823725072132,9.937258927269358,2.2709258375199055
1.676300578034682,0.7344017709278625,0.6649823367723341,-0.0033027056673873944,5.45323043016708,-4.391447264143733,-10.833062842932373
1.6955684007707128,0.7164492384559668,0.624970978201573,-0.007860491951453653,-5.374516551995069,1.3279936418501535,4.294656004554208
1.7148362235067436,0.7269579223783402,0.6075596166824819,-0.04014937220732996,-6.556236751210104,-0.4602493278190637,-0.860390683721452
1.7341040462427744,0.7177777967554682,0.7259929763539821,-0.009828247921016197,-4.419929088881122,-10.41591773885466,-10.141438831883233
1.7533718689788051,0.8150505092342161,0.5468006870995843,0.037325058392592585,-4.376591956703066,6.68857945956233,-5.394109887146601
1.7726396917148362,0.7311500327308,0.6254757413504753,-0.007557924045597891,1.5031773750691109,3.8099471400554203,-1.6721268841473331
1.791907514450867,0.809587791242512,0.6447698656447284,-0.007767346487303672,-9.548466885803853,-6.897851239578702,-0.9645334483491921
1.8111753371868977,0.8124933285464289,0.5983716421826708,0.0012598223126474343,5.0252501794298645,1.7503284788123095,6.416730360578277
1.8304431599229285,0.7692796969201766,0.7150475211722489,-0.014733507534712614,3.213556860244312,3.3426855433424203,-3.7378267057149883
1.8497109826589595,0.8024777720131515,0.5630659541933503,0.020157166646102263,5.878189083376576,2.776782582317245,3.328901792031242
1.8689788053949903,0.8659522525747497,0.5462278042878674,-0.013503677656004973,2.0586851318364734,-4.502869172861048,1.0885251669114497
1.888246628131021,0.8802983618193881,0.5291088825712476,-0.016604878812000935,-1.8211907006985906,1.229686866271896,-0.8525723416238783
1.9075144508670518,0.8220384603366484,0.5637216696951565,-0.02112145800535371,-1.6063209555726756,1.1526622418209804,-8.251216094228695
1.9267822736030826,0.8268547630807465,0.6256046679253533,-0.025035021132591907,3.0822893483949105,7.285755641269872,-3.4677394515388693
1.9460500963391136,0.8313573096082736,0.4622422524839067,0.04917959539976746,-6.836740437934521,-8.660289584394734,-4.171026841769167
1.9653179190751444,0.8434864264473423,0.6427138272619068,0.005166856638925087,-2.058222992155074,8.281988424685755,2.259514476630737
1.9845857418111752,0.8162792570627626,0.582166418572892,0.02916446343153948,9.420841254343445,-1.1006446453682457,2.5235661735199226
2.003853564547206,0.8366510052190297,0.5115452192113863,-0.005279142978969994,-3.749954015919894,11.571565474558616,-2.7078572595960515
2.0231213872832368,0.8915004704355312,0.5443584115412328,0.0006736870499440099,-10.804995264845353,3.1412512301334417,2.0544243789316576
2.0423892100192678,0.7254471632975976,0.47637667551045565,0.015606169516622944,6.295060084566233,9.94478693130067,-1.9117945023725957
2.0616570327552983,0.9142484043243653,0.4689273375772802,-0.019783453004282185,-0.29997520732331173,4.195202470327455,-1.0509273817922533
2.0809248554913293,0.9015096479252743,0.5768616566839722,0.004147619987112027,-3.305539432917366,-8.025942106903917,0.636250459219885
2.1001926782273603,0.8860458061595264,0.49702091434923956,0.02089866958425631,2.4075730031393543,5.048869699461025,7.74979103048252
2.119460500963391,0.91697164052973,0.5313332114093869,0.016848116375407247,-2.8188594583075712,2.2260964725298353,8.38188023614009
2.138728323699422,0.8236462781704468,0.49992018853168835,-0.0029850518006140836,1.0462280532572097,-0.21542555064051305,7.46790387093455
2.1579961464354525,0.8120971633579724,0.4079507578007453,0.013947939279164344,0.9746000499891831,1.4210118240616785,-4.459738341462564
2.1772639691714835,0.917047062691698,0.4557503609848045,0.007173844792028481,-5.792854122302042,-4.616692660027831,0.5699735025478361
2.1965317919075145,0.9725811279740654,0.39462861229522833,-0.004212889468187852,-4.87460962200608,0.13750701018490227,-3.43839355237007
2.215799614643545,0.8824116868481466,0.29099447873271567,0.02972281001923841,6.437726133102588,0.813580849097108,-8.471110308689845
2.235067437379576,0.8181722638352384,0.47077250556146333,0.012503157762193285,-10.062669090590825,4.026994998916179,-0.4884233186868186
2.2543352601156066,0.8333249404513454,0.40965520434267877,-0.013331129946012822,7.667856201660777,8.217451027253045,-0.31854535967455305
2.2736030828516376,0.955621263750001,0.35410198018743017,-0.0017347775848751282,6.952245222169929,1.915632497446472,9.607534561398646
2.2928709055876686,0.9346737009568167,0.43102534471412923,-0.009475263544577239,0.8485798810094619,-6.212821351991656,0.12224384692366441
2.312138728323699,0.9364467528275806,0.33794379006148273,0.018080812471319558,9.734538979061314,4.0523985933916515,-2.8375893741697666
2.33140655105973,0.8353629072647781,0.30980949121596396,0.03496235771140901,-1.842127049971038,-0.13380730480817396,3.0516749042006905
2.3506743737957607,1.0220576175228493,0.35089503693307844,0.0016034036962868409,5.171956959326957,5.264042754503061,6.613653107426232
2.3699421965317917,0.885497547686178,0.3821005918662443,0.00018574426845181352,-7.33152459635898,-1.9478405748486682,-1.838459558994097
2.3892100192678227,0.9666313943182281,0.36667614803207876,-0.024472054625562154,0.34494438955776696,4.171460303793248,2.7235805125579526
2.4084778420038533,0.9814514570885522,0.29713840497849286,0.03401259715769456,4.754211680842476,5.363696704438904,-0.9955627952995896
2.4277456647398843,0.9418133146516064,0.3619650273438502,-0.02923403515461981,11.819367266058007,0.2555107869780226,-1.7128533560325838
2.447013487475915,0.8779168414044499,0.27912594903399573,-0.024877967261021247,2.686270173045786,-10.96865143976615,-0.8500155504572471
2.466281310211946,0.9072252345116832,0.3424323854683084,-0.011260838166557685,9.672553205581252,2.0620636770251157,-2.906492015252249
2.485549132947977,0.9317587201737813,0.3082085992188775,-0.006108127766686062,1.6696296319505155,-5.194581117579087,1.7345708534477036
2.5048169556840074,1.0367833055163127,0.26784434091065884,0.002949997220964939,-4.724304358385007,-1.574094431172369,9.382693376863813
2.5240847784200384,0.9645431397373618,0.2878448253183188,-0.0007537072660853866,3.405378790250782,-2.934447196879359,-4.5241389881071585
2.543352601156069,0.9359300563359079,0.3310193190294235,0.006525703891336285,4.1532584316405154,2.68012070796886,3.7893779806477434
2.5626204238921,1.0694605573160794,0.3728765951714965,-0.003776148736471852,0.49788062046071285,-3.3253442049137494,-1.0600514136868395
2.581888246628131,1.090362875986398,0.22603838000597062,-0.04687890574737932,-0.8981817789746014,-2.3360757992474537,-1.8203805525609607
2.6011560693641615,0.9002602501422302,0.24565080150438384,-0.02558840528068726,-3.585122799448133,-0.32095065282554347,3.0444914842406097
2.6204238921001926,1.0540199947171771,0.2556139627649939,-0.028623184777831004,5.317367540648136,3.2884300998633775,-0.6813614533688035
2.639691714836223,0.9004497063598643,0.1742720816465398,0.0031800354057079094,-3.7169466955316794,5.120813438705795,4.618419728050266
2.658959537572254,0.9535802593449113,0.23425898339871123,0.012932517045681512,2.5201765591053475,7.524366030115215,-1.5089459119048372
2.678227360308285,1.018544698627107,0.14258276752988652,-0.02606073366295818,1.25699830941952,2.4112568562534182,5.964954931122579
2.6974951830443157,0.9020033326908897,0.1258255755154946,-0.001709155924004935,3.775191731320107,3.9486835161200156,-8.128572706363995
2.7167630057803467,0.9707106468343328,0.14820001850984754,-0.011951642371971872,-4.632405601205673,-9.679848861732532,1.7943973001263227
2.7360308285163772,0.9785609047354209,0.18808889753599817,0.00401027106780626,-1.990752757795772,-4.705325543408466,9.422030396841176
2.7552986512524082,0.9565702381204668,0.13794888938423555,-0.005406878803827665,2.054303100488177,9.461585360485191,0.42553780982913003
2.7745664739884393,0.9481433804031361,0.21022217245640853,-0.0018730039499944026,-4.398438016006294,0.3290432976090125,4.970438758744282
2.79383429672447,0.9954078638086629,0.2543422090094057,-0.009149544438105497,-1.1290800750713983,2.743657531661705,4.924648880960014
2.813102119460501,0.9776416234287897,0.09430600900531706,-0.018686418347503172,2.4209834304868796,-6.5822150789903375,6.499203950335537
2.8323699421965314,1.0438845932865626,0.2340811385397748,0.009327714336033988,-1.7229104824857413,-1.2880948204840645,-8.17915410634969
2.8516377649325624,1.0297501544840488,0.1142811185182765,-0.011546027143085738,-6.1241514215571815,3.489512068907153,1.4233154504619239
2.8709055876685934,1.0811367275738988,0.07718299037602835,0.01044746536685715,2.854407984996442,2.034840262777487,5.017123423465971
2.890173410404624,1.0222131115999935,0.11359698083442123,0.02105331110819299,-6.426953874736387,-3.8454537576526224,1.7034128184874129
2.909441233140655,0.9970837601316929,0.17374290209626564,-0.004971586077184438,6.8206728170000535,-7.1570472398640685,-2.9036175998852825
2.9287090558766855,0.8280461534873751,0.1371930798497796,0.003049656087585234,3.9015506876972568,-2.667391676823156,4.845635204093791
2.9479768786127165,1.0345969604164986,0.13160303832990325,0.008668404085368274,4.114245828896374,0.7731410575924573,-9.501880965156381
2.9672447013487475,0.9270705202901381,0.1341928164601291,0.030433406069972708,-2.0169498062470876,-1.2358968031781232,-5.723502607953449
2.986512524084778,0.9923573236468322,0.04735938754082028,-0.007665130062086004,-11.497038416989005,1.000126253229456,-9.100519471916012
3.005780346820809,1.0641602043757827,0.025316641310079532,0.019740923844329194,7.7046830154913595,-7.622241550982327,-2.8443507376063684
3.0250481695568396,1.0304115768482351,0.07942206071287974,0.037445447816589,-11.50048594842826,-7.99299263538262,2.1426216111399206
3.0443159922928706,1.0856323769423206,0.03568053741233621,0.019493889350725095,0.02961539621684552,-2.702332917220759,7.444710896672202
3.0635838150289016,1.0216841037091204,0.03001846407127373,-0.024300094115798882,-0.9856531065536822,4.899454903937785,-3.833748000544055
3.082851637764932,0.9703886353401802,0.03396822504301339,0.021644356116959026,-0.21570850666154134,-1.7004526020319637,4.604061283610761
3.102119460500963,1.0064278047338733,0.10221973876752234,0.011551008335451494,-1.1290096124471074,-2.0729756245946813,1.776253087692663
3.1213872832369938,0.9797950427122146,-0.01018165113527975,0.003971917969642196,-7.832034267758731,-1.009914879424593,-6.186897679282515
3.1406551059730248,0.8874761161628699,0.08708039017746157,0.020631663145563892,-0.07548315463458345,-0.4823185955982541,1.0329906176748869
3.159922928709056,1.0356552692015968,0.06601327039265065,0.005205523998197521,1.97297594749687,-0.8252886839126121,6.82179553564723
3.1791907514450863,1.024441075878719,0.01843610749660438,0.002486498061594466,-1.3978929493086496,-3.261538367194409,-1.5860714575316126
3.1984585741811173,0.9337555912348887,-0.04783030849674126,-0.03793000424102197,3.18772971499867,-8.507737758244296,0.8612003708767182
3.217726396917148,1.0714437721621424,0.004499734486478266,-0.02576370501408392,3.0922340684506433,1.8003643374641451,-6.466942910486802
3.236994219653179,1.006336773941515,-0.11274288172444254,-0.005139776115091664,-2.5511637289780644,3.9847991451343323,7.421599371174934
3.25626204238921,1.0202566986516344,-0.04502609754315835,0.008958321636167142,-4.77370526223114,6.678414451531517,2.1901580466870745
3.2755298651252405,1.0052442441883518,-0.06933004073865602,0.009022083989078198,-4.074250863205598,-5.84035529672804,6.323620886412547
3.2947976878612715,0.955422450526355,-0.0878095000328156,-0.01940122715554999,5.43298816095573,1.383654429708959,-0.8558339633789314
3.314065510597302,0.9923335460895379,-0.036888453375472995,0.012913093199484539,0.5402005842544563,-10.052945993237678,12.673463452550799
3.333333333333333,0.940361372264082,-0.07784520148656365,0.011571442162718732,6.4176359063385915,-4.053204178918103,0.11010963863507273
3.352601156069364,0.9346586668295941,-0.14931245141537758,-0.025990230270303952,-0.8351456345172132,3.1126277648621787,2.1667207749674398
3.3718689788053946,0.94511722964615,-0.181044747348211,-0.014098986348176813,2.390789392953301,0.5563243829176079,3.0675729918549695
3.3911368015414256,1.0671801428317689,-0.13213733114380827,0.029894484739670713,7.402145731643145,-8.767703803512694,5.972680130028705
3.410404624277456,0.9900429977854208,-0.1036571444575555,-0.013317443906103588,-2.009889683319083,1.562723062242941,4.270154450451108
3.429672447013487,0.9648329182927792,-0.11085176949720549,-0.02165960897867304,3.484053213392511,-3.7303336934188476,-3.018699297891947
3.448940269749518,1.0360184153878909,-0.21643712378248126,0.0004529288752752577,0.4094275806409057,-1.5105677333198961,-1.3219250835612284
3.4682080924855487,1.0000652841973054,-0.20671638354464955,-0.0191749840716318,-3.0317434007950284,-2.603708969661929,-2.4472424792829752
3.4874759152215797,0.8276391652367658,-0.22064238656895446,-0.01690326055056122,-2.590053469649484,-2.004854884016883,-4.976007356861385
3.5067437379576103,0.9187818291674388,-0.25164800054886194,-0.0011834400166035716,1.2011761411798425,5.5797245352151155,-5.533516374329507
3.5260115606936413,0.9294684133348446,-0.1604231050630235,-0.022980110736194433,5.199810078086788,1.9146960103789263,1.5887744149186267
3.5452793834296723,0.9339710101012315,-0.20032903534791752,-0.021989346126864075,2.2551910992896564,6.037758213397069,-1.6359496511690974
3.564547206165703,0.908912310282924,-0.13752977266130628,-0.017117550954234954,9.952942680004336,-6.466892539058621,1.496426007329791
3.583815028901734,0.9779919996023259,-0.314228061457526,-0.02029714835891695,6.7971009044060935,-3.922917972345212,1.3264906445817206
3.6030828516377644,1.0752269579396438,-0.3166812406169784,-0.011616498980317897,-5.23042273829271,-1.8289735611980102,4.188646197971513
3.6223506743737954,0.9563891785211356,-0.2150780725221142,0.01605871359243807,5.7844534742200135,-5.801489454982328,6.032279398045418
3.6416184971098264,0.9676108156835539,-0.24702959113796272,-0.03027737625683963,1.8988477707358962,1.3618445210254002,-5.706021762466337
3.660886319845857,0.9443659655165796,-0.2743069401059503,-0.0072048298176131285,-2.085671125102701,-3.7043789660478854,-9.87560402410369
3.680154142581888,0.9631736959927211,-0.3600669875096362,0.025927403156343853,5.70457530138232,-10.867815493552353,4.696248738592214
3.699421965317919,1.0145542644969767,-0.26111730314037257,-0.02293328145691431,0.8503128378057963,7.853565101169934,-1.6259940771277344
3.7186897880539496,0.9302199419162112,-0.3533975320958186,0.0036460086647031424,-1.1870999079941154,13.909244046953441,2.8586371776022763
3.7379576107899806,0.9449854628344827,-0.309299488951256,-0.03729020367989524,11.096794670179461,-0.9470327176982135,-6.954406557692669
3.757225433526011,1.0384109727947874,-0.2672877760260507,0.01227252137127295,-5.061993288773242,-2.0412595483750793,-0.09196835480470358
3.776493256262042,0.9403747003103746,-0.30329715689006714,0.026171075136784128,1.6979505675931026,-2.2690373231093544,-0.3690600484328859
3.795761078998073,0.8884891580332632,-0.3352846018220007,0.02761889399771771,5.881130804601375,8.48517669185748,-8.470641454202593
3.8150289017341037,0.9486368346949382,-0.3431524493891829,-0.02286163393660536,0.3551532530852467,0.2494128861006022,6.820171646308771
3.8342967244701347,0.9485032976782587,-0.3143259735876888,-9.302674339223851e-06,-1.410611050484322,4.6869483416585425,0.0236545523278825
3.8535645472061653,1.0460612431618226,-0.2905526967867351,0.002090041681779038,3.292868560303903,9.635559529173358,-0.3878952013139474
3.8728323699421963,1.0057575927169586,-0.42229541392708736,-0.050809400589079116,1.7639626946407818,-5.300397863050986,6.342976105808935
3.8921001926782273,0.9931251789774571,-0.43531382123219475,0.015227291266839653,2.0205909273543092,-5.354830372631256,3.551455274064303
3.911368015414258,0.8722107144544559,-0.4322803355579243,-0.03709293124782237,-9.887415264218443,2.811058863093348,-0.3174291466853258
3.930635838150289,0.9140394336583952,-0.4390579308340107,-0.01203631871221442,2.367792328224882,-0.22404951403083484,-2.0935297906691432
3.9499036608863194,0.9403911959128429,-0.30113699526882376,0.04270777740265651,2.267085052731696,-3.494456276080014,3.6961339070978023
3.9691714836223504,0.9018887315228291,-0.36970009275391974,-0.00097394510221019,5.625572736393853,2.3219650541869443,0.9919599451659566
3.9884393063583814,0.9328170931694082,-0.3994658541106396,0.02355387814835599,-1.6770284490171907,-2.70955224964275,-8.782520049620592
4.007707129094412,0.9181226414449876,-0.3710879641758297,-0.01152156813185499,-6.073342379200712,0.4641570021387026,3.288224123221164
4.026974951830443,0.9223110035019177,-0.41692132919279434,0.00833824097979847,2.370584815678142,1.2049872378178568,-1.2011836110855352
4.0462427745664735,0.8255206723114971,-0.40917593994634227,0.0007557112640150522,2.5191747798396973,1.2690217835920188,-0.8666021304067228
4.065510597302504,0.8527801244736549,-0.48032080439703206,0.004429460817571301,1.9424395655518925,7.804943889928506,-4.471941151290716
4.0847784200385355,0.8758832308068,-0.4325702838045822,-0.01573991710233253,-0.3329012448033136,7.842556256008001,8.869401515882332
4.104046242774566,0.9764084225777403,-0.48874670909559426,-0.0013983034355574172,3.497391513601704,-3.4878527359000917,3.476410403826736
4.123314065510597,0.9140218673855427,-0.5328765180358109,0.013529035550378843,4.317340767639105,-1.5193768628151192,-4.015901341504895
4.142581888246628,0.9194979436326091,-0.5217354312254702,-0.008074534726705867,-0.7778147415208685,8.477620708375005,6.563128772883352
4.161849710982659,0.7599487904284817,-0.5469123171631481,-0.03059975902026578,10.779667638754386,-4.971554259356345,11.173425311569751
4.181117533718689,0.8360815803865113,-0.5071523826941926,-0.004412985935839477,0.21044806913725497,-1.65424645291981,-0.3167691470249862
4.200385356454721,0.838815666916832,-0.5777763470904089,-0.0217573029223465,-4.067258647294959,5.976368779818241,-1.4327912177034088
4.219653179190751,0.9196918753992246,-0.5174243053754652,-0.027537595624781776,-5.003126240507681,11.088897961403095,9.802095209997251
4.238921001926782,0.9059568431989611,-0.5677859702285596,-0.009230269948897463,0.12002265294087755,-1.9947832335669016,-0.3851227605016959
4.258188824662812,0.8539009072944044,-0.49996652546670645,-0.02669798839467701,-0.5945552911549041,-2.5641373524437143,-3.5359355867809517
4.277456647398844,0.9190130342322795,-0.6161120753612662,0.004618725754422385,-4.074573643064307,-5.482989221061931,10.308458007649431
4.296724470134874,0.8308145201682237,-0.5112765905266285,0.005389751707285054,0.7282721682807515,1.8797878036965778,1.2635619943126486
4.315992292870905,0.8597315982898007,-0.47845084870101645,0.025681706880330026,-7.912129784553757,5.046527652132303,-0.869786478249787
4.335260115606936,0.8134014075643288,-0.5379147337623761,0.027217164095333726,5.669050540485667,-1.8031307035539565,9.905684780879588
4.354527938342967,0.8344826055105957,-0.6060230564129366,-0.03793701118393659,8.809099475611827,5.022083781553695,5.346093357218682
4.3737957610789975,0.7844396896050724,-0.6158127089667432,-0.005236640887992706,3.9655155355387612,3.86178458947392,-0.14694032486948516
4.393063583815029,0.8469283111055945,-0.5943334378142456,0.012318545840483143,3.7605583000239173,-2.359440083210051,-4.19249415723305
4.4123314065510595,0.9081830788925245,-0.5173462447916636,-0.013832420466465973,-4.202055923585963,8.500910207162594,-3.9625166583229725
4.43159922928709,0.8286903039155815,-0.6190086681969211,-0.00705996335488877,-6.091989114200146,6.339914881343941,-5.421018616233945
4.450867052023121,0.815631580824451,-0.6653267595006931,-0.00796985656786707,2.528205620896646,-10.859689950240492,3.619797949897591
4.470134874759152,0.7806068989139475,-0.571031229374431,0.007885555926234676,1.0605977649018443,3.618958932270921,-4.91093609742679
4.489402697495183,0.7670653856860277,-0.6142633833916367,-0.012991668983573257,-3.1732174405073805,4.121506975817789,-3.633467892691046
4.508670520231213,0.9138127801347207,-0.6658920157626702,0.0020801566473714226,2.5635426749162353,-1.5274114315575749,6.69869201335429
4.527938342967245,0.7551470170162987,-0.6139927764283176,0.004613549632894016,6.631939088744456,5.667134168646731,2.052187749676487
4.547206165703275,0.7378663125114606,-0.5918520527237667,-0.007930573553543329,-2.000715503878822,5.457038867779883,10.837795100036818
4.566473988439306,0.7472123499793821,-0.7523671534979075,0.007970147249335641,-0.9388836203819948,1.6079125928009697,4.0257236132900935
4.585741811175337,0.7219661765177754,-0.5549768293209002,0.0048562373296483505,3.7637402200608303,5.172603783524524,2.5249472651142386
4.605009633911368,0.7706260843620215,-0.6830089646903167,-0.010775423640479237,0.8342146626472342,-0.5035563614151193,8.126292515684778
4.624277456647398,0.7361502006143227,-0.6067930918456732,0.021529549971351588,-5.206698631217225,3.7154522374815264,-5.139979173389163
4.643545279383429,0.813930571608887,-0.6958245425300303,0.0046057775769944445,9.80672494569937,8.867238101833786,-3.4668675805245903
4.66281310211946,0.8131977825713442,-0.7568870159344037,0.024479573955047084,-8.453465801671122,-4.372249385631124,-4.48552411079737
4.682080924855491,0.7223411645270265,-0.7186175603472771,-0.013918726963439378,0.32884260553616756,2.8469680517491818,7.742801533585386
4.701348747591521,0.7266313730112044,-0.7363244507565281,-0.025030192565236448,-2.4268337945401908,0.9125007846080068,-0.895253516590912
4.720616570327553,0.7204059705243732,-0.6086156292339584,-0.026040820461248705,-10.066651149581709,1.489441379577663,0.25135148901906235
4.7398843930635834,0.7078656486271253,-0.7407936545859963,0.0006719073595103745,4.495546450436462,2.6005458645164268,-0.6286060858319019
4.759152215799614,0.6582017994205442,-0.7795223152193302,0.0069712603780207405,-6.284098519343888,5.284238445721895,-0.7183075246042502
4.7784200385356455,0.6996760875564225,-0.829303106426006,-0.01852785737411323,4.161669076001768,3.478280338086333,-1.5274680880098623
4.797687861271676,0.7663481327446666,-0.6959422548276809,-0.049054247345736324,0.24749226464823915,6.322610193883808,1.5757552188069648
4.816955684007707,0.6738886037477961,-0.7512853023193999,-0.001430794037648222,7.5771413139939225,2.822299229756597,-6.481479770614267
4.836223506743737,0.6669733849681578,-0.6580637780064399,-0.021107752209763,0.9836202221037782,5.927596635162971,3.026243608959447
4.855491329479769,0.5682175617053457,-0.7565404043448709,-0.0217332166714936,3.9826210624799248,-1.562351382645728,-4.277045870347302
4.874759152215799,0.60466730258448,-0.8042114585107515,-0.005805496589203737,2.925659703611232,3.499803964072876,-0.008774448597673566
4.89402697495183,0.6405563817208866,-0.7234004530088574,-0.008664770174031274,3.4880243854847754,-3.694165970672856,-5.969720205423976
4.913294797687861,0.594542353698181,-0.7566734500574264,0.0008005762201037038,3.8814160398856954,-13.897508684192223,3.903099115429077
4.932562620423892,0.5125875363663817,-0.8526496486582031,-0.029445848891998826,-10.470438117368893,7.580651673334761,8.684094680130453
4.951830443159922,0.6573707942993539,-0.7912610931156766,-0.01461137097707169,0.5789668219702457,0.14749556180750228,-7.742692098149825
4.971098265895954,0.55991791847362,-0.797526572584578,0.022335466050248384,1.1431707769607915,-3.954237360164792,0.48473142265552444
4.990366088631984,0.5325409278138608,-0.7434892321892139,0.0648274600817866,-4.242753922864881,-2.8266635350155536,-0.059629432326042814
5.009633911368015,0.5339487659187225,-0.7630170320904827,0.004522909537529438,-5.508792704726892,4.373049254186087,9.803503866047116
5.028901734104046,0.5493052440836188,-0.8335600224616917,0.0015084902587001734,2.146431462297422,1.6271612030661182,-4.448001196742009
5.048169556840077,0.653622951848364,-0.8875310317750005,0.0007715303864557404,-5.531708418526443,-4.60874353457062,0.5096403069102455
5.067437379576107,0.532418631764044,-0.8002202226270622,0.003266023901138734,3.226537063169175,12.99323189893606,-1.4450913497828104
5.086705202312138,0.5518565093129638,-0.82309943501737,0.0001578400362250816,-2.830145805719116,-0.8140580814774292,7.5447957450055
5.105973025048169,0.4973993690534303,-0.8543578977136239,-0.014369945131865102,-6.727455659595423,3.264792836031256,7.541679206307165
5.1252408477842,0.6709086518233252,-0.807190770001535,-0.03139610832418868,0.7813081201766114,-5.505953670080484,-1.810761678444221
5.1445086705202305,0.5090506282774304,-0.8990886364162649,-0.010039410206804756,4.618050651482694,-1.0686442206099331,-2.536432888895132
5.163776493256262,0.5362535923385687,-0.9367937171531684,0.0012810426750603536,0.5702168011880991,-1.673757214862652,3.627388814716027
5.1830443159922925,0.5745104253019326,-0.8363262727752606,-0.03179583880348195,0.7449568361311466,-7.896645187989938,-5.6375170100849505
5.202312138728323,0.5681789978895473,-0.7937342363677616,0.03956455931154098,3.512745916483391,5.377936801407056,1.9573749248839571
5.2215799614643545,0.5360038001891798,-0.8722939855289848,-0.006312934750241687,-8.996127980234087,0.29942505286721194,4.483610505064548
5.240847784200385,0.44193904015347507,-0.9658114756697728,0.03604557529132967,-0.3842287204824174,0.31385828901889284,2.9931871570113664
5.260115606936416,0.5242218380540952,-0.8312676308801314,-0.010838820144111923,2.0591651585515547,6.0301993262283204,5.779994609347555
5.279383429672446,0.4447601255257289,-0.7987983455055983,-0.005488398638626304,1.998076844163155,6.373735509070175,-4.754662617727225
5.298651252408478,0.45503257013145887,-0.8918309630059741,-0.0015402605108616756,3.003037387193144,3.055337244073795,-5.2975268013065975
5.317919075144508,0.5424873626594401,-0.8487827440403555,-0.005161145576164138,-1.3925993090800335,1.4531031984443623,-5.01224174586517
5.337186897880539,0.415398923132405,-0.8428298442456181,-0.011028871649403714,-6.39977064211339,-6.331182206743415,-1.6405608660658895
5.35645472061657,0.45950624189195727,-0.8787953478747436,-0.043208865983928625,2.4947428112938823,-6.107504764918156,3.6276555276658944
5.375722543352601,0.3514653224955194,-0.9798406304145284,0.0282174594311123,0.6697760544764314,9.108093631889774,3.923560422647969
5.394990366088631,0.3946979109948623,-0.9829472102844898,0.010061605574637101,-6.60491390040176,-0.01221404453328821,1.8828596622527338
5.414258188824663,0.3780579008165703,-0.9304119284256077,-0.004958068826082266,-1.1252314794338234,4.694409806043595,5.524705569038381
5.433526011560693,0.4649740810287546,-0.8559480074212071,-0.0006531981783857201,-3.755611758538045,-1.1396750699043856,3.4612267689142087
5.452793834296724,0.399391432146309,-0.9316523060373426,0.0014410242713450794,2.832357091354689,-2.6619028467139243,-0.9541619972388039
5.4720616570327545,0.42067380825620637,-0.9062580430110214,-0.0020525146830794334,12.293833284755236,11.436223779707504,1.2137268347178298
5.491329479768786,0.4390852285977861,-0.898331155786442,-0.009832901799611925,2.7240338503015864,6.953183859752411,6.203034898311357
5.5105973025048165,0.3841609039842061,-0.8739888460038719,-0.005225184079222678,-0.7553336737556293,-9.820507589654113,-0.8454215485603518
5.529865125240847,0.30050113076479346,-0.9318774017938015,0.0007126143681955308,3.3430109148726457,-2.0353937831439075,0.7520540341353714
5.5491329479768785,0.3816267677588264,-0.9075811399301074,-0.01077927137238396,-7.059829318990918,5.946147367470522,-4.608343081926625
5.568400770712909,0.26735663635965545,-0.9820910325089633,0.002188749622498518,-7.3551265472972736,-3.944368930200479,-6.182256226316679
5.58766859344894,0.43732201463674786,-0.9212050427896574,-0.0007490974116076227,-3.0724501857308466,3.336039741262067,-2.4843763490662045
5.606936416184971,0.31785561400615453,-0.966968810544642,0.02393863835484701,1.6402790548916382,8.886554524423577,3.042777989306766
5.626204238921002,0.2227241907504697,-0.9092588056863321,-0.030871318056351977,1.6696692792468746,1.4604322644142038,-1.7395810422988378
5.645472061657032,0.26273069734416826,-0.9869884210613784,-0.0049457597985625755,3.7604789950990574,-2.4332408438416624,8.464837509890454
5.664739884393063,0.32395680229529344,-0.9789588647235261,0.01773948712486242,-1.994057706682896,-4.397727248888672,-3.188729447222209
5.684007707129094,0.28686078687141964,-1.0045558191762023,0.011407751478676715,-0.9343946145297127,1.0683026499290742,-1.0926579273811896
5.703275529865125,0.25844489193102066,-0.9510649009194679,0.015361100700142561,-3.8957532295998516,-0.3553742122909762,4.003570534687227
5.722543352601155,0.26189619970675937,-0.9604599954607244,-0.010514112101258789,-1.453612052471505,-6.42708171671766,-6.056927347248134
5.741811175337187,0.32270999729181393,-1.0214899995070832,-0.01144057899354142,0.43762301616469595,-0.5728290294516633,2.242689040016323
5.761078998073217,0.27605577809586523,-0.9377649623218809,-0.01143772337804806,6.701186591368967,-6.982724720938304,0.8031755035294569
5.780346820809248,0.2644697049101657,-0.9862704030269425,0.04931652432043367,-2.7344865740971764,0.25511982508607794,0.4214679730202273
5.799614643545279,0.24856764750116817,-0.9242758875174587,0.007897733084837847,-3.8380749244543884,0.4779480169190545,-8.655446647919204
5.81888246628131,0.19579284524592483,-0.9867567509524748,0.003728803683430359,7.863440903739086,-2.709510587755587,6.717853535034343
5.8381502890173405,0.30463325143857123,-0.9891465636551106,-0.01951749504852707,-4.457598311540238,3.1646053762997974,-7.8424518024831205
5.857418111753371,0.20907363679128807,-0.917607346197199,-0.011615395290069584,4.328575970477991,-1.5968183501390143,-3.1963965431522916
5.8766859344894025,0.18809321914894125,-0.9775262396470245,0.027485577970077918,-3.2765253188008865,7.6126580391398555,-7.053266143691392
5.895953757225433,0.16372143621197288,-1.025133752190292,0.003970834447657611,7.280677919821726,16.146245820032682,-1.716813261199983
5.915221579961464,0.18619122845542074,-1.016618087622843,-0.004392488928557064,2.2176359077374372,-0.05976483717466767,8.164659106979833
5.934489402697495,0.11763759056109721,-1.0270133859442605,-0.027098741031249637,0.36549528177281626,3.2696419708606808,3.1831886610007603
5.953757225433526,0.10843336199284406,-1.0110627980890194,0.010800108923693263,0.2305883788580031,-0.741411108889726,-2.890695581397255
5.973025048169556,0.15682040459034227,-1.0026270654102787,0.026703599907061722,-5.0359929202682014,-1.5590160147775498,9.917144392893963
5.992292870905588,0.12651571612098902,-1.000433219617316,0.012489879722950594,-0.5843188393280938,-2.6541670429824684,-1.3190368030771515
6.011560693641618,0.15951386924814284,-1.0151318291354696,-0.007503228458127849,-3.131770822694109,1.4103473172999468,-6.836500201065478
6.030828516377649,0.10938138911190945,-0.9688831738755365,0.002066485576787271,-1.9910627877910319,-8.365936590371659,7.088628255713351
6.050096339113679,0.1890159986562227,-1.0600671501388,-0.03948620294179647,5.949983071290758,5.195192460669826,6.519390410361736
6.069364161849711,0.1365157843473475,-0.998400320867626,0.039501277892172525,-3.251260743721098,2.4322663315242488,-3.9064509511020558
6.088631984585741,0.041825163504134066,-1.0067793515409613,-0.003817321291769266,-4.783733951414922,-2.7899149283804863,-2.1534251738639267
6.107899807321772,0.10130517272857745,-1.0618227964409679,0.02215500280540161,4.53593531844052,3.4082381862314435,-0.9850231099199798
6.127167630057803,0.18041639129827763,-1.0587351601352901,0.01782650377195329,7.212680257136203,0.23774013551870946,3.7737205549670088
6.146435452793834,0.1496827939031877,-1.0139983037982658,-0.022254795126191006,-3.588526602816295,0.42743890898624115,-4.33808069135914
6.165703275529864,0.040322761385492234,-1.0237144353860046,0.006552674542474582,-4.627562724980405,-2.9570807859225634,1.085832789397833
6.184971098265896,-0.06799720753210836,-0.88890653758639,-0.005801395866818626,-3.7536686737385967,7.2221540353706315,3.1527479269932135
6.204238921001926,-0.01142082806986025,-1.005959380599274,-0.04320026898675645,-2.716127519658724,5.996794495142258,0.3426558558453064
6.223506743737957,0.08601777453844543,-0.9841904793196841,0.0187192908969113,1.8183528982208028,4.120217523735107,9.302481374522767
6.2427745664739875,0.004907629259425183,-0.9930134531547918,0.008385337997804788,-7.697452491559526,-0.5227381034031678,0.9548387576356587
6.262042389210019,0.15064657465364348,-1.0075987662992503,-0.03383811472724935,-8.168426493647832,-4.641117910927618,-0.9226550583019093
6.2813102119460495,-0.05944916558224593,-0.9604564343742666,-0.01848160756874019,2.329139617861756,-5.45349931194712,8.297779445636102
6.30057803468208,0.027210930353936298,-0.9857755724086025,-0.016948488479260098,3.605093630426233,3.458951826388292,6.096509804459982
6.319845857418112,-0.027444828467971343,-0.9687238908806542,-0.012952662267152642,4.095462531991481,3.0309429376440757,-3.252698181410625
6.339113680154142,0.07561415729247603,-1.0137576583556354,0.010256826027675943,8.012980435148355,-1.4286647297179726,7.040358285748672
6.358381502890173,-0.05623044327632025,-1.0051135151747164,0.005405639575361291,2.1633955151131046,0.4095461571981236,-1.8907172069063714
6.377649325626204,-0.036342267950288686,-0.9453518855506717,-0.016708347391690734,3.0419020991011014,2.6064074696213027,-4.036711875705249
6.396917148362235,0.03190660427540639,-0.9108023898383809,-0.003858745202101069,4.593636941714175,2.6952506100266844,2.561998092675521
6.416184971098265,0.03313953573947098,-0.9939173983755293,-0.00503736995664837,5.917478598894848,-1.6991189497756853,0.05462897980203705
6.435452793834296,-0.05572548985653,-1.0071196129846096,-0.0009008031191547376,0.2995411612247247,2.327101241831917,8.618046853962353
6.454720616570327,-0.1552671024836314,-0.9421116357074929,0.027868476498948757,1.9730487019788134,-8.557543150234356,3.6709177380665508
6.473988439306358,-0.03509725613035479,-0.9731299763236716,-0.006798032469323558,4.872523297574856,-3.225916362569665,3.985936657506314
6.493256262042388,-0.08675349011536791,-0.9985442793336904,0.013141028943928042,7.4612108761584315,-1.8709217844058568,6.501421581839924
6.51252408477842,-0.13789255297273534,-1.0919949271245974,-0.012963072600939644,1.4730665328406256,3.9569875654667843,0.8195362184978066
6.53179190751445,-0.1655346394990817,-1.075115767291965,0.021552678700357233,-0.9206760053403117,-6.4876779494158985,16.108651519728014
6.551059730250481,-0.16513422002804845,-1.0160022302754985,0.008366509264470747,3.32307475252412,-5.96702990139301,-7.366101078010489
6.570327552986512,-0.0740024075647821,-0.9322704888701522,-0.014780953477790413,2.5568008421235406,-5.865814379706778,8.334030510692084
6.589595375722543,-0.263149593046243,-1.0012761217383552,-0.004385178819235087,-4.533054407660214,-4.6078658163792685,-1.09407917445232
6.6088631984585735,-0.14264177386318222,-1.053963623252373,0.010009027301317563,-1.710652433672128,-3.2889046057908473,0.7335274184495139
6.628131021194604,-0.1149048844634235,-0.9793900792028734,0.032042034381719445,-2.501284669347844,-5.0359960626453475,-3.1967943449103964
6.6473988439306355,-0.06015274696536191,-1.063116862048909,-0.025133391189305167,-1.0846437069044188,1.966113136559442,-7.11741523572157
6.666666666666666,-0.2818267780851419,-1.0300938115399885,0.008680300145771543,-7.220880292336208,12.35987571626401,-2.3487389253819844
6.685934489402697,-0.19966928922681917,-0.9865896584576427,0.012606078924762414,-3.1949324026757413,-2.265273609772725,7.361928585373017
6.705202312138728,-0.17542367848674964,-0.9670396334188092,-0.030319344803339313,-4.971424634773461,-5.563329416067868,-2.8190889793271507
6.724470134874759,-0.2801079672895107,-0.9959070280101892,0.019192157350884725,3.7876962766378868,1.583430317337875,2.846050943681316
6.743737957610789,-0.16031555903352318,-0.9588473029864641,-0.02101013626668255,2.7038100142834236,-3.844341846297789,-1.302477065711194
6.763005780346821,-0.24671932550875347,-0.9978769769832492,0.04054310544139847,8.459674468870379,-6.2027637259718915,-0.7838880893553328
6.782273603082851,-0.24448910507441643,-0.9932467805361388,0.00827238918565661,-3.79335134894697,0.8705728677502278,4.301904898470672
6.801541425818882,-0.18564585029863356,-0.9057918233074433,-0.03385206098792508,-3.754816266507202,-0.6981991402801291,-0.9762540184964306
6.820809248554912,-0.30435313083582805,-0.9478061770780551,-0.03325398188119143,-1.6820526422759066,11.817976883722425,8.53469249621697
6.840077071290944,-0.29507131933309,-0.9612877959009118,0.0015155753977404646,3.3810951312708526,0.2843462230360882,-0.14459186681294342
6.859344894026974,-0.3423923833703995,-1.0557776923291204,0.017787106480792115,-3.303171413774779,0.36860568566605223,0.5153242828398323
6.878612716763005,-0.17747613573348475,-0.9725877069339921,0.027375226363779356,-8.311288666418058,5.387919893800145,-0.9124570457375759
6.897880539499036,-0.2735182963280285,-0.8997977862379384,0.012745297859748522,-6.471087620790511,1.1815353044961443,-5.19248401849263
6.917148362235067,-0.33701076980188793,-0.8864136439677446,0.008227831718685906,-2.532255358573718,-6.877830005339451,0.7847920000908319
6.9364161849710975,-0.36796773325242815,-0.899863176896018,-0.023949898808914977,0.9216082849354663,-2.993245564032777,0.826001659915896
6.955684007707129,-0.2659498930038374,-0.9768240380473339,-0.022959834796179225,1.6145376727525964,-0.691407980549906,3.744767734010318
6.9749518304431595,-0.3850999550169818,-0.9510286945113685,-0.017576141546114227,-0.7985833233019458,-0.5066879987189825,-5.56092635978017
6.99421965317919,-0.3494552284330039,-0.9653750395741671,-0.01723483207794243,-1.916060852602941,7.224510961070376,6.155650064711623
7.013487475915221,-0.24437619983085118,-0.8851812578817588,0.00819698365929834,1.480615004899339,-1.7524788345763878,-2.108934237063001
7.032755298651252,-0.39963113715569465,-1.0086698688694702,-0.0014307445195004707,4.193528973006847,-2.0011169480033306,1.723238674875576
7.052023121387283,-0.31118148340726065,-0.8435215985672236,0.005706273665641677,-1.7947315485582218,6.861501437433831,4.418658567017814
7.071290944123313,-0.355064003671395,-0.9634854586314866,0.004623166815409596,0.5951260949303753,-4.506096560988821,-2.49382519207074
7.090558766859345,-0.5330508557167151,-0.9384825097200781,0.02478469165956515,-0.5318470657248189,2.1328675637551986,0.9222989773748809
7.109826589595375,-0.3897710428042999,-0.8509575424146328,0.0038782297665973524,-0.3932877470295903,5.662349709730133,4.474814339693085
7.129094412331406,-0.33290065410755165,-0.8641843030272455,0.012004306559145929,6.063281367166622,9.80772861967713,3.8527705367132024
7.148362235067437,-0.4256674343164978,-0.8385883993828899,-0.04598670737679218,5.296739920141866,0.39606291404005395,3.379097395058204
7.167630057803468,-0.4612941581840086,-0.878746739847237,-0.01953673833236486,-4.711214267204744,1.3259715697811856,-2.5163301513527916
7.186897880539498,-0.5142708505936404,-0.8838975634966922,-0.004347196951590762,13.79989274960903,-9.834100121302335,-5.722060204963472
7.206165703275529,-0.3998364920929089,-0.8535630318277588,-0.0008088004002185946,-8.302848397332193,2.2068884466083767,-6.683490224589152
7.22543352601156,-0.4123462639414395,-0.8430655858234758,0.006788321682201027,5.402429997821638,2.801184030925494,-6.036344044424754
7.244701348747591,-0.4645870701827596,-0.8996598959499461,-0.014253681719466744,-1.3066635160189026,-3.844488905191001,-0.3662700270710429
7.263969171483621,-0.4545135459956818,-0.8612435464164351,0.014955253972977674,2.4166443261757946,2.515981629253443,3.663894243413492
7.283236994219653,-0.5775207533918132,-0.8828490423432039,-0.022858173246110485,-4.742069947306582,5.633652505523835,-7.668971373192484
7.302504816955683,-0.5100329057132924,-0.8767323878710899,-0.013454211740329966,0.3981375728916902,-7.34989516170174,0.08111832549629899
7.321772639691714,-0.5175546985927041,-0.8767804942569541,0.008113776675704157,-1.874365834252978,1.3092617761803271,11.005097576417725
7.341040462427745,-0.4964368679886831,-0.9119679964289964,-0.017632636513933483,-1.8668098840017202,3.7678318128496127,4.2204965600823225
7.360308285163776,-0.4874548408274128,-0.8510489031594769,0.006658593876729281,-4.976042237180444,-0.22786519513042758,-1.1529340803449144
7.379576107899807,-0.6148631995083775,-0.85317630530909,0.011953017799593351,2.27965449322367,5.497730242642515,-0.40998124879204073
7.398843930635838,-0.5060587209915048,-0.8568422559847736,0.03391918176885974,-6.497145412273967,4.744491885596908,-3.132355210734234
7.418111753371869,-0.5351754811190043,-0.8406422244226394,0.01151638217353263,-7.109847060437869,-3.60757709722078,6.2672375995412395
7.437379576107899,-0.5108285413371542,-0.7848761594795587,0.02353018024568961,5.063728782855276,-0.37008002734429507,9.159920076477961
7.45664739884393,-0.5597003116344017,-0.7950782682155864,0.0061496028018912,5.492947432345576,-20.300850791399935,-0.4100357257989258
7.475915221579961,-0.499500258072154,-0.82819656277352,0.030149795966166133,1.2397356451205983,1.2504144097656356,-6.733279785156232
7.495183044315992,-0.5413533133835888,-0.85933766268372,0.03895088313364707,1.2825438289313962,2.8460745213179433,3.755061350940104
7.514450867052022,-0.5800295257193877,-0.8780982971170586,0.004844363801174747,1.2510675645983846,1.5424963347604728,2.5197776090337283
7.533718689788054,-0.6161658650271367,-0.901494396660909,-0.03910902953238663,0.535634242395958,-2.0911384099989414,8.82784322244515
7.552986512524084,-0.6183396863965007,-0.7617610868825367,-0.04433594928971202,13.656377044016896,-3.9086898277900723,3.9725799258609125
7.572254335260115,-0.6587339950076467,-0.876507890642127,-0.029598829702158883,5.050230304593515,0.6313818606042689,0.992454054231487
7.591522157996146,-0.6011889916431141,-0.8283237972662778,0.028444260106849244,-9.139342840121161,-7.535367260420146,3.4255034606435295
7.610789980732177,-0.5971868638239156,-0.8080844127151342,-0.00637229566437473,6.265656787949451,2.47962723374127,-0.7983744145652015
7.630057803468207,-0.5748276048703849,-0.7282709250133894,-0.008243425022036786,3.35154573689028,1.5272600043543128,2.440572053749983
7.649325626204238,-0.7329715034624802,-0.7423737057956034,-0.019079568660267058,0.9921502262567865,5.023165824605966,1.685569519859575
7.668593448940269,-0.650570792147868,-0.7463744476685998,0.03271138952506379,-1.8960169004544778,3.69429360651218,-8.366700301583863
7.6878612716763,-0.673160148746173,-0.8166782032346163,0.0027082420955030374,-3.4930546960055326,-4.084324030078397,5.866030122024368
7.7071290944123305,-0.6825943570923484,-0.7121129067036895,-0.002879309817791839,-3.861739047331396,-2.052370813428091,4.259731367442345
7.726396917148362,-0.7072692607786897,-0.7674899970875709,-0.01023643340907991,-1.0950240100107265,-4.860119180927954,0.3433138209620937
7.7456647398843925,-0.6741539325720924,-0.7802864751160872,-0.009802259446316483,-2.9262296350776196,7.305478989595083,-7.946112742005649
7.764932562620423,-0.6928173409365933,-0.7922883918591016,-0.010617165591463354,-1.823314687880631,5.083463413646641,-7.1724647126709415
7.7842003853564545,-0.760627085307297,-0.8211910043129191,0.006990763794271599,2.085106179658957,2.6166465517470066,-3.9352723553971254
7.803468208092485,-0.6740754801336315,-0.7712293727702924,-0.0030803069591446163,-0.9010806339511839,-1.6523312397402785,-0.6238191783736954
7.822736030828516,-0.7226320532681909,-0.7145583700101832,0.004297882178511996,15.701352700650869,-0.1199899518076718,-4.770567908146555
7.842003853564546,-0.7171454598247805,-0.6765987967390806,0.013829050423751415,15.624614315926964,5.983562930671319,15.021022575560037
7.861271676300578,-0.7969542542093944,-0.7591308934541086,0.017335464545098777,0.44300178134127705,-10.811410274084759,-3.2749627161725545
7.880539499036608,-0.6982572200809327,-0.6546929631974597,0.005576453751442714,5.281665408164705,-0.9792667645700843,5.360195642042341
7.899807321772639,-0.7602590690689737,-0.6852333086357038,0.025793243420292798,15.680995308612244,-2.0392685244258395,0.9759266902821921
7.91907514450867,-0.67780907224571,-0.6215555228060897,0.024569798395806114,-7.162955244034501,2.0462264855515433,-1.3451553190455665
7.938342967244701,-0.7038748743479448,-0.7056513458268256,0.02323541420661918,2.059445575466288,7.347177405389926,-1.498879206663143
7.957610789980731,-0.7847475574100554,-0.6873187096532203,-0.02204180856044549,3.8319266180355798,-0.2981831777400248,-1.282336212880602
7.976878612716763,-0.8357407509459003,-0.581795979163943,-0.014577751197051535,2.3774103521920282,-9.477285547629325,-2.825607778006547
7.996146435452793,-0.7919151621530699,-0.5696020923420838,0.0074465354146970465,2.6853119817093467,-1.287581795908511,-0.3828302153861004
8.015414258188825,-0.7968197093343922,-0.6712207399967361,0.033612864799761236,-1.2841369275339112,-9.540121592267845,-6.6470200078004265
8.034682080924854,-0.7635555781401957,-0.6694876229574895,-0.0014550442544713105,-4.2212300057309085,2.8733491565736182,-0.326163616500348
8.053949903660886,-0.8020551362683844,-0.6335679547014279,-0.0413292130907919,-1.8037299558993238,3.1144774461896936,4.42881096863301
8.073217726396917,-0.7832160842610016,-0.6488324097488946,-0.0006855912306116,-3.2002615665720286,-8.546229212589934,2.9860233964239575
8.092485549132947,-0.7426433447290689,-0.5862390437773608,-0.00855724792511255,6.210769476186365,3.9361004196826266,-6.497706743282921
8.111753371868978,-0.7828279644644364,-0.5858091802791635,0.028744908436414262,1.3574900517311808,5.896394111909638,-5.821820819431669
8.131021194605008,-0.815576181972219,-0.6085623059759965,0.0292003189125101,-2.4533578137213556,3.193430892681304,-2.8401198496540534
8.15028901734104,-0.8878785000363125,-0.648346104805742,0.011047027115343317,1.522035094432038,-7.265208094347062,-0.8856811363325137
8.169556840077071,-0.7688315017264377,-0.5791174772399461,-0.003645187103451541,-3.054224322871483,3.495355064791954,4.599220629488068
8.1888246628131,-0.7963830682359284,-0.5597878994965797,0.012453753245458032,1.9242805172016852,1.08642841082365,-5.1502515008537655
8.208092485549132,-0.8761195575630745,-0.5163123923655173,0.014318786490748754,-1.0241464361510704,-5.925478863983642,-1.9088996134953427
8.227360308285164,-0.8234571038694162,-0.44318356575802914,-0.023175060676423543,3.95232302305402,-1.595190352045064,-0.514656362255673
8.246628131021193,-0.7925000826086084,-0.5330807866759734,0.001257956712140377,0.07985185228668823,-0.6532165475011488,6.110998412069577
8.265895953757225,-0.8642042217986801,-0.5054272972561787,-0.000341511617938942,0.8033669686925011,-11.562776418664688,-3.25078844760408
8.285163776493256,-0.8744960305564137,-0.5612011265999264,-0.00367926576736138,-5.927411219559598,2.61189996102549,3.4769456210159917
8.304431599229286,-0.8674265219559097,-0.5039601537535442,0.030144980374100627,-8.214003250668256,4.81505644857288,-4.650512308887213
8.323699421965317,-0.876216010209414,-0.5411535393438246,0.02779933117870923,2.020066403238518,4.643766950193307,0.3725677479123029
8.342967244701349,-0.8765027054917183,-0.4789645292738931,0.016169085598453942,1.0219493851439236,-4.691325530294615,-2.250886817880099
8.362235067437378,-0.8971158557112023,-0.5349893531864277,0.0075425723469931495,0.6666298467738354,6.1126579775959735,-0.23486188520509058
8.38150289017341,-0.8301980274814875,-0.45008958617450723,-0.007742249286890818,-5.712177407445857,2.3255548455250032,0.13386536435683682
8.400770712909441,-0.9201351848297271,-0.5031485057981988,0.009277804558369369,1.0439966685147324,-3.220226810129416,2.1967570239210787
8.420038535645471,-0.847668068879724,-0.5417634971726799,-0.01449009179403759,0.3955671164939414,-7.369324006703318,-8.936436806374497
8.439306358381502,-0.8424530078940982,-0.4810830065786889,-0.013824507420532213,-1.9714785069068685,-5.060748325879406,-1.4705758134364622
8.458574181117534,-0.8755537145121093,-0.5056423865406809,-0.001626645235683851,-8.459030647271362,6.379125615515704,-0.8011403595368096
8.477842003853564,-0.8409779594492164,-0.4493385546967501,-0.04996658039344986,4.447278506975392,-3.3286474446342003,3.5272920961531824
8.497109826589595,-0.8729625976240672,-0.42929540499950647,0.01930184836814424,1.5442792376916201,-0.6735624417486854,-6.476030472327624
8.516377649325625,-0.7974001726055695,-0.4264977015640869,0.014450528721183211,2.0667565508941124,4.3393326124809075,4.9413719044640265
8.535645472061656,-0.9425744264559989,-0.42306395029858185,-0.0037808545563180304,-8.290261314259164,0.46737406174979024,-2.722294432681804
8.554913294797688,-0.8765383054963253,-0.4146790066825519,0.023089879428721635,3.8833553142076678,3.849794450396023,-3.8580525251129147
8.574181117533717,-0.8559240087111473,-0.38640038328601956,0.019778523819791817,2.994795719758179,3.1121741369792124,3.511821909359811
8.593448940269749,-0.879952952116401,-0.39192531300179523,0.012076581311170594,-3.935061264331725,4.12060818895738,2.367629136842621
8.61271676300578,-0.8072154575792633,-0.4496675507046518,0.011502228660153546,0.31146669454484455,0.9215609566316636,-0.7826915049828391
8.63198458574181,-0.8060509860100356,-0.3440265813262039,-0.005838498703140529,1.1180602726660451,-5.349618379251792,3.773383583119471
8.651252408477841,-0.8762259691546394,-0.3963713785648635,-0.01721195080013596,3.6732280763630154,11.341647913870114,0.09754398586635601
8.670520231213873,-0.9344182621268025,-0.3212922585912962,0.024963947047625473,-5.620281604922322,17.0346774684908,-0.22082220662644714
8.689788053949902,-0.9114341128397943,-0.34081337705885806,-0.023399360534634057,2.3709345095056484,2.743079848590242,-1.9622560162146787
8.709055876685934,-0.9459440363755529,-0.34328267785232036,0.013307076190466812,-1.8595711071323293,-8.810483919413706,0.8852070774842123
8.728323699421965,-1.0302446292799223,-0.30248829443389336,-0.00774359669274015,-3.6517447942185246,-6.3303175992682235,1.5495992387858055
8.747591522157995,-0.9933980601116599,-0.35388534232932395,0.021397017647863767,1.3984708727623476,-1.7661838742947733,-5.518406890231345
8.766859344894026,-1.0202597209049855,-0.3525181648498934,0.01271853675565624,1.5320389808720145,-4.02092383428766,3.402406423481667
8.786127167630058,-0.8252209156891299,-0.41085129227244505,0.020249173888591404,-2.5622286800747607,-4.8024173571252895,-5.344543458584115
8.805394990366088,-0.833130387157391,-0.3038923243269134,-0.005496403544786725,6.522452929531459,7.433111090733235,-0.14787903317195508
8.824662813102119,-0.994250410492114,-0.30787754833477865,0.012535829181233504,-0.64861512221497,3.4696993177019926,1.550439193014041
8.84393063583815,-0.9994223701170022,-0.3362795584437908,0.029389381818348454,-0.12893194002004227,4.084109441734183,-10.699991754572228
8.86319845857418,-0.9185507615476535,-0.2315474795989207,-0.0243054314851683,2.5318360454759907,-0.19877519666863674,7.795958534269931
8.882466281310212,-0.9167277121979358,-0.36783966024147896,-0.01012448387724629,-8.153621615163763,3.104237024722203,0.6465646571023196
8.901734104046241,-1.0112935430822627,-0.19314084752950111,-0.03572076911676494,4.7096055653546225,-2.97583042395856,-7.703472615000381
8.921001926782273,-1.0592213598282472,-0.24330017203212512,-0.01381496035131658,-1.5781805661121286,-5.866297679675729,1.4106274102491454
8.940269749518304,-1.0384044178911052,-0.2689258782050419,-0.005152080325123736,-2.3756595116080104,-4.903828629921869,-1.5453895433330187
8.959537572254334,-0.9486542427118176,-0.14876596199521047,0.030956186542114763,-2.5714398309329956,-3.3556141566302866,-2.1740149645079447
8.978805394990365,-0.9372789253872089,-0.2923724411073635,-0.018087983650056667,-0.4309310518253417,-1.853231859171295,6.518326624311862
8.998073217726397,-0.9930612750002856,-0.22028924717878667,0.008326498160425065,-4.109323784049078,-8.604372559731729,2.193715412891764
9.017341040462426,-0.9512318851991388,-0.17818372217634396,-0.0005877731040859018,3.5780871031802297,2.9669037894948462,4.738856461989655
9.036608863198458,-1.0183128825237808,-0.24192078530037836,0.003936115839071709,5.881900370024773,-0.5339113300656958,-5.401232514999506
9.05587668593449,-1.100257345256927,-0.17307052728875907,-0.015168779097078582,3.2646086424191063,-4.444247801254656,-2.9109135868614198
9.075144508670519,-1.0705074988750176,-0.14425641594367897,0.014933860213550651,0.4325819170749261,5.150387565862386,1.5759747081939866
9.09441233140655,-1.03227707073747,-0.21604142354385958,-0.003926920625797631,2.641491984147865,6.009169765809357,0.2329496027736726
9.113680154142582,-1.0259212259878179,-0.1892690831774782,0.010918072817336843,0.9667644202770858,3.8927860508904333,-4.535126350644259
9.132947976878611,-1.010768722226538,-0.11127303157579171,-0.012502025300974088,3.8585504188520368,5.951994014379265,2.033928851866308
9.152215799614643,-0.9984662299079877,-0.17010417156929236,0.008105491406069105,1.3659737818370288,-8.973577661119517,-1.9258821968621465
9.171483622350674,-0.9618576989453734,-0.12262646870611717,0.017121903008209705,2.1844734574418454,-5.907063487052968,-1.850953237852091
9.190751445086704,-1.0532235171567244,-0.1195350713648744,0.039599549553433394,0.7968403207324072,9.042623951355095,-5.094260824839055
9.210019267822736,-1.0267795718103763,-0.05621359209882612,-0.017862138100999247,-3.3737563545155624,-3.8370805376980455,-5.558647535789664
9.229287090558767,-1.0241487514408278,-0.16748382096932984,0.007757174581032932,3.193758164357838,-4.99422903702989,2.019220228825597
9.248554913294797,-0.9577895828323573,-0.057735953741198984,-0.004817824074889012,-2.6312043796769573,-3.898664899985898,1.5130649684769804
9.267822736030828,-1.0038367494536307,-0.0686952014200643,0.01663789546055501,-3.3063463669016175,6.021676360767271,4.265112069911284
9.287090558766858,-1.031074269530699,-0.15702896352003212,-0.016561382280214098,6.21803483010504,-3.0770380824900507,-1.2864352659821763
9.30635838150289,-0.898566322782169,-0.17011162363665705,0.012112594030485991,3.4380439822895643,-8.301740818000344,1.9619234886319288
9.32562620423892,-0.9435882908067621,-0.06727882483677072,-0.020230066248708906,-9.489275978513664,-3.0549763956810763,1.9269624098376725
9.34489402697495,-0.9984426738496884,-0.025560237540779934,0.01892595790436386,-0.8756274546311726,-5.0516547801619724,10.490032696247923
9.364161849710982,-0.9533809821333913,-0.07514278899643906,-0.023005763942666287,-0.3823384731739838,-3.308704424725369,-5.162598096670676
9.383429672447013,-1.1023395197128167,0.0010189928436056192,0.006439184698348575,-2.76382322303814,5.272652045380583,3.133477514085665
9.402697495183043,-0.9583453722945707,0.01807310656042979,-0.029469651670380737,-0.08187774612209862,0.19257959249283213,1.20107158323394
9.421965317919074,-1.0892561008776258,-0.0037349533447718817,0.008960042285059118,7.737527942620913,-3.0517116900972967,3.206573535622759
9.441233140655106,-1.0715282937030917,0.04816600945637855,0.0252997879071678,-2.7309854253569292,3.8575677568935376,-4.244156083350216
9.460500963391135,-0.9875054313096638,0.054149247081760325,-0.007636296420094743,-10.358577328215247,-3.841566564143583,0.7585647672213913
9.479768786127167,-1.0537044889739224,0.05198225428802797,0.01473958048209751,-5.963813396100238,0.45617798267762494,4.114003355113536
9.499036608863198,-1.0680819559682864,-0.008045710167105473,-0.0003365592176279396,-4.4978655840276796,1.7181915585083554,-11.078894756056014
9.518304431599228,-0.9748318969140567,0.07556307841696958,0.0017128173826645937,1.5641535102927275,-10.597420047027375,11.217542645309901
9.53757225433526,-1.011048334882672,0.07170273426468497,-0.006620834966217856,-3.671163056308926,3.0049929858284807,1.4325360867536405
9.556840077071291,-1.0467988384084133,0.05487477171956587,0.018320421678403715,-0.02286213711363965,6.206529944829025,-1.0898424214930234
9.57610789980732,-1.0508992180249235,-0.016690030991035346,-0.02742235216137618,-1.642148370411995,-7.192688329498216,-2.888476333682103
9.595375722543352,-0.8838291054821406,0.0743418959270126,-0.017851434978451524,-7.556969899951317,-2.47498851525559,-2.5816952537120876
9.614643545279383,-1.0065616313231194,0.1405023630027839,0.01993643092472429,7.219148840611872,3.97897020892185,-0.4526137526006161
9.633911368015413,-1.0949393931536429,0.09589277121666043,0.0003080333158015641,3.996190835952706,14.601727730847312,4.0132598464963545
9.653179190751445,-1.0338774983072145,0.07355454323914265,-0.006578939339442597,3.2660154165075186,-0.9513169061253444,2.823891512599333
9.672447013487474,-0.8717572988964015,0.04667129500297852,0.010620990670873178,0.20977920485108328,-5.1207366848193026,2.256684779112827
9.691714836223506,-0.976686124198572,0.09908512784708387,-0.031854222858288324,-0.10374710038455681,7.37710334348143,-2.0548292840805837
9.710982658959537,-0.8754646059950829,0.19897449204148038,0.029651172410644508,-1.7166471483993562,4.5903387874394905,2.887041415735582
9.730250481695567,-1.0373275305441878,0.10932635992444259,-0.006977074646174919,-4.465483585175015,8.06854289375057,-8.130921767747585
9.749518304431598,-1.0999355651311058,0.07993337944470406,-0.025209542093395154,-6.204557124509954,5.1001344688048285,-0.35929993498770396
9.76878612716763,-1.070234710504486,0.27421762156785234,-0.008756855492105246,1.7012883509838375,-3.3377749693621688,6.026371405400626
9.78805394990366,-0.9507496292135017,0.21856038884821824,0.0050573351493407685,-10.618233098510144,-2.0744684014330566,4.5627075850694645
9.80732177263969,-0.9654556041786154,0.233088929723325,-0.023923960418107414,-2.9316136538093662,-8.655263322447183,3.0974422840633595
9.826589595375722,-0.9797420604068693,0.255457078788246,-0.024123380198494773,-4.299570725799696,-11.76084092960096,-4.8552324313804816
9.845857418111752,-1.046953841587658,0.1080164854094339,-0.014932367623562188,2.334159337068946,-1.2582491150443285,12.465186241547219
9.865125240847783,-1.00905682448766,0.18362851309674044,0.015244677378056784,6.57201582765247,4.2940624418887126,-4.128223277381168
9.884393063583815,-0.9742074856291599,0.21333852635721998,0.0005417984851209628,-2.799477420746022,-3.348564915884871,0.9768245892303538
9.903660886319845,-0.9843452083339274,0.19538834021916698,0.018232344710785043,-3.8635838182988733,5.753218841068758,-7.499721291820174
9.922928709055876,-0.9683620152747058,0.2033540139655722,0.00816575900305167,-3.9814681428601855,-2.28228182582436,5.852058486237044
9.942196531791907,-0.9441745717141379,0.22028950395584695,0.0028890843669151403,-1.7509155055902867,9.479634962736377,-4.780041010415927
9.961464354527937,-0.9967347424915717,0.19468576723550718,-0.017009655390966567,2.4698621390179527,-1.8148585244739546,-2.400039653964529
9.980732177263969,-0.9899588517069977,0.17113446583225447,-0.03660599133489159,-2.5028954797046215,-5.711053232792339,-4.4369223926858545
10.0,-1.001952001277926,0.35781795742141553,0.0010143625339551579,-0.46400096751169123,-0.9218154866576745,0.5291199160756863
